Weight_kg,Height_cm
88,100.6
78,97.6
64,76.8
92,113.39999999999999
57,63.39999999999999
70,88.0
88,102.6
68,82.6
72,84.39999999999999
60,75.0
60,69.0
73,86.6
85,99.0
89,107.8
73,86.6
52,65.4
71,86.2
51,57.199999999999996
73,85.6
93,114.6
79,90.8
87,108.39999999999999
51,64.19999999999999
70,88.0
